"OrderID","CustomerID","ManagerID","Quantity","Price","Freight","OrderDate","ShippedDate","Total"
"1","WY42","man83","27","66.74","11.63","2017-08-08","2017-09-28","1790.3499999999997"
"2","HV15","man22","77","59.9","11.39","2017-08-06","2017-10-04","4600.91"
"3","YN06","man42","34","66.57","14.73","2017-08-03","2017-10-10","2248.6499999999996"
"4","NO36","man44","44","29.57","29.53","2017-09-16","2017-10-06","1271.55"
"5","QW64","man97","64","57.44","15.38","2017-07-27","2017-09-24","3660.7799999999997"
"6","JH05","man42","73","29.04","16.01","2017-09-04","2017-10-13","2103.91"
"7","MA85","man58","99","63.8","21.12","2017-08-25","2017-09-26","6295.08"
"8","BG58","man07","86","99.05","11.12","2017-08-26","2017-10-10","8507.179999999998"
"9","HI73","man99","69","98.88","27.69","2017-08-16","2017-10-19","6795.03"
"10","QK59","man94","29","26.64","28.96","2017-07-23","2017-10-01","743.6"
"11","EH98","man95","91","32.1","18.87","2017-08-12","2017-10-09","2902.23"
"12","XG84","man57","71","98.0","23.39","2017-07-30","2017-10-14","6934.61"
"13","GU07","man62","4","78.64","25.67","2017-08-10","2017-09-20","288.89"
"14","QE51","man59","31","55.15","16.29","2017-08-05","2017-09-28","1693.36"
"15","ON98","man37","45","92.96","12.68","2017-09-01","2017-10-15","4170.5199999999995"
"16","IS41","man34","10","96.75","15.54","2017-09-13","2017-09-28","951.96"
"17","TB57","man39","94","36.73","12.07","2017-07-26","2017-10-08","3440.5499999999997"
"18","JN88","man66","93","64.72","26.35","2017-08-06","2017-09-30","5992.61"
"19","MZ58","man16","7","36.29","29.02","2017-09-17","2017-09-21","225.01"
"20","PT18","man37","84","51.19","21.89","2017-08-23","2017-10-10","4278.07"
"21","ND82","man35","85","48.5","26.86","2017-09-03","2017-10-13","4095.64"
"22","LH98","man39","52","45.49","18.53","2017-08-15","2017-10-09","2346.95"
"23","KN59","man38","65","62.41","28.66","2017-09-13","2017-10-19","4027.99"
"24","QP01","man10","15","75.59","26.62","2017-08-17","2017-10-02","1107.2300000000002"
"25","GQ43","man47","93","51.35","19.59","2017-08-13","2017-09-28","4755.96"
"26","SX76","man19","14","98.95","19.59","2017-08-19","2017-10-07","1365.71"
"27","BL51","man42","32","62.93","22.18","2017-08-13","2017-10-14","1991.58"
"28","PO39","man07","23","83.12","22.6","2017-08-16","2017-10-04","1889.1600000000003"
"29","BI80","man81","81","97.09","22.53","2017-08-16","2017-10-03","7841.76"
"30","JP95","man14","3","43.03","12.6","2017-09-07","2017-09-28","116.49000000000001"
"31","CE99","man35","9","83.32","24.12","2017-09-19","2017-10-13","725.7599999999999"
"32","WV70","man75","39","82.8","29.28","2017-07-29","2017-09-22","3199.9199999999996"
"33","RY44","man16","8","78.7","15.34","2017-08-01","2017-10-11","614.26"
"34","RM23","man68","22","77.12","25.3","2017-08-22","2017-09-23","1671.3400000000001"
"35","AR33","man57","71","38.1","12.31","2017-07-29","2017-10-04","2692.79"
"36","LF69","man65","60","68.63","18.25","2017-08-31","2017-10-12","4099.549999999999"
"37","YF93","man04","66","78.51","20.26","2017-09-08","2017-10-05","5161.400000000001"
"38","WX65","man76","80","28.52","14.89","2017-09-12","2017-10-03","2266.71"
"39","PU24","man61","47","74.14","23.91","2017-08-26","2017-10-06","3460.67"
"40","TD37","man84","60","47.39","25.47","2017-08-26","2017-10-16","2817.9300000000003"
"41","MT43","man44","53","35.86","18.68","2017-07-29","2017-10-06","1881.8999999999999"
"42","LJ80","man08","53","36.34","28.4","2017-08-07","2017-10-14","1897.6200000000001"
"43","YT14","man04","38","26.6","18.87","2017-08-20","2017-09-26","991.9300000000001"
"44","IN72","man89","15","55.11","10.69","2017-08-28","2017-10-12","815.9599999999999"
"45","HL12","man27","18","35.12","14.11","2017-09-13","2017-10-02","618.05"
"46","YB44","man95","81","63.82","10.13","2017-07-25","2017-10-19","5159.29"
"47","YR64","man80","30","47.06","22.67","2017-09-12","2017-09-27","1389.13"
"48","LO94","man00","63","21.1","10.48","2017-09-04","2017-09-30","1318.8200000000002"
"49","RT17","man43","26","59.08","12.62","2017-09-14","2017-10-13","1523.46"
"50","VY22","man54","87","94.28","29.21","2017-08-24","2017-10-01","8173.150000000001"
"51","TW47","man86","73","25.92","19.66","2017-09-02","2017-10-04","1872.5"
"52","IZ61","man62","6","40.56","26.67","2017-09-10","2017-10-11","216.69"
"53","VD31","man26","92","52.39","20.31","2017-08-18","2017-09-29","4799.57"
"54","RG89","man49","64","31.38","12.47","2017-08-21","2017-10-13","1995.85"
"55","TW84","man13","28","97.26","12.38","2017-07-31","2017-10-20","2710.9"
"56","PM63","man78","1","81.56","10.96","2017-08-24","2017-10-20","70.6"
"57","SK49","man64","84","28.94","20.31","2017-07-25","2017-10-07","2410.65"
"58","YW62","man31","45","74.95","12.56","2017-07-27","2017-10-01","3360.19"
"59","EA59","man59","13","33.77","15.19","2017-09-12","2017-10-19","423.82000000000005"
"60","KQ16","man82","8","37.35","12.36","2017-07-27","2017-10-03","286.44"
"61","FW47","man79","14","76.51","19.37","2017-08-30","2017-09-25","1051.7700000000002"
"62","GI87","man96","38","53.12","11.31","2017-08-01","2017-10-03","2007.25"
"63","OP30","man46","70","87.66","25.82","2017-09-05","2017-09-26","6110.38"
"64","LZ80","man85","48","88.48","10.5","2017-09-07","2017-10-16","4236.54"
"65","IJ85","man22","84","72.41","25.01","2017-08-10","2017-09-22","6057.429999999999"
"66","HD85","man95","36","37.29","28.09","2017-08-26","2017-10-12","1314.3500000000001"
"67","GX23","man94","27","31.04","24.41","2017-07-28","2017-10-04","813.67"
"68","JJ54","man25","65","33.58","18.08","2017-09-18","2017-09-29","2164.62"
"69","AY29","man24","63","74.14","20.78","2017-08-11","2017-10-07","4650.04"
"70","OB29","man05","47","48.86","20.14","2017-08-29","2017-10-18","2276.28"
"71","SS88","man74","8","76.01","13.13","2017-08-25","2017-09-24","594.95"
"72","YP93","man88","1","93.23","12.88","2017-09-02","2017-10-11","80.35000000000001"
"73","IW42","man01","42","56.58","14.77","2017-09-07","2017-09-28","2361.59"
"74","RD38","man93","72","43.21","23.2","2017-09-15","2017-09-27","3087.92"
"75","VK26","man75","28","64.19","29.99","2017-09-08","2017-09-26","1767.33"
"76","KI62","man57","22","32.58","24.52","2017-07-26","2017-10-19","692.24"
"77","CK84","man28","45","82.48","17.37","2017-08-13","2017-10-19","3694.2300000000005"
"78","ML31","man06","30","25.72","13.65","2017-09-04","2017-10-09","757.9499999999999"
"79","QL87","man85","96","23.35","17.03","2017-07-25","2017-10-15","2224.57"
"80","RN41","man24","44","66.04","13.55","2017-09-06","2017-10-06","2892.21"
"81","FK22","man18","5","64.55","15.4","2017-09-08","2017-10-17","307.35"
"82","AQ51","man01","88","80.69","27.61","2017-09-18","2017-10-10","7073.11"
"83","KA30","man74","52","31.77","18.24","2017-08-04","2017-10-15","1633.8"
"84","TX06","man37","47","55.92","14.42","2017-09-19","2017-10-11","2613.82"
"85","WK05","man01","1","39.71","26.0","2017-08-14","2017-10-18","13.71"
"86","XH67","man26","3","52.97","20.5","2017-07-29","2017-09-26","138.41"
"87","SD39","man30","39","40.85","19.39","2017-08-02","2017-10-03","1573.76"
"88","HG01","man75","28","99.84","18.96","2017-08-01","2017-09-26","2776.56"
"89","IF51","man74","91","73.56","15.51","2017-08-03","2017-09-28","6678.45"
"90","LM80","man09","48","55.91","15.84","2017-09-19","2017-09-24","2667.8399999999997"
"91","QF71","man84","45","77.88","26.74","2017-08-02","2017-10-18","3477.86"
"92","DF31","man14","91","66.64","25.32","2017-07-22","2017-10-13","6038.92"
"93","EG34","man36","37","79.04","13.52","2017-09-16","2017-09-28","2910.96"
"94","JN60","man86","67","96.36","28.01","2017-07-30","2017-09-20","6428.11"
"95","CI92","man93","70","63.93","27.84","2017-07-27","2017-09-20","4447.26"
"96","EB03","man23","94","37.66","14.68","2017-08-10","2017-10-18","3525.3599999999997"
"97","EE47","man20","41","48.0","18.0","2017-08-05","2017-10-16","1950.0"
"98","DO01","man11","39","70.26","27.03","2017-07-29","2017-09-26","2713.11"
"99","LG81","man12","26","86.52","27.01","2017-08-31","2017-10-11","2222.5099999999998"
"100","NY18","man37","61","86.58","11.55","2017-08-08","2017-09-23","5269.83"
"101","WE41","man56","62","57.6","15.11","2017-09-02","2017-10-16","3556.09"
"102","VL49","man19","17","90.32","15.62","2017-09-02","2017-10-01","1519.82"
"103","AL26","man73","55","26.56","23.65","2017-08-25","2017-10-05","1437.1499999999999"
"104","SL87","man43","44","84.41","28.84","2017-08-21","2017-10-17","3685.2"
"105","UM92","man62","60","49.07","28.83","2017-08-16","2017-09-29","2915.37"
"106","HG31","man29","30","84.89","21.73","2017-08-12","2017-09-21","2524.97"
"107","XI65","man78","54","34.9","23.08","2017-09-04","2017-09-25","1861.52"
"108","AV14","man61","20","22.83","18.75","2017-08-14","2017-09-21","437.84999999999997"
"109","OR92","man81","43","23.74","14.63","2017-08-20","2017-10-20","1006.1899999999999"
"110","EC17","man20","94","62.99","20.76","2017-09-04","2017-10-18","5900.3"
"111","DV73","man68","21","31.38","16.61","2017-09-17","2017-10-09","642.37"
"112","GK96","man07","28","95.07","27.98","2017-09-05","2017-10-04","2633.98"
"113","YM36","man22","22","45.79","11.21","2017-09-12","2017-09-21","996.17"
"114","FV60","man17","55","69.66","14.58","2017-07-30","2017-10-18","3816.72"
"115","LR04","man84","81","94.82","19.35","2017-08-20","2017-09-21","7661.069999999999"
"116","VA96","man62","39","89.23","28.94","2017-08-16","2017-09-20","3451.03"
"117","XU78","man18","32","77.36","15.64","2017-07-27","2017-10-14","2459.88"
"118","BE15","man83","80","76.54","18.15","2017-07-24","2017-10-15","6105.050000000001"
"119","YB77","man44","90","90.56","24.41","2017-08-19","2017-10-19","8125.990000000001"
"120","KZ36","man75","32","30.01","26.95","2017-09-11","2017-10-10","933.37"
"121","IE45","man74","11","21.67","27.31","2017-09-07","2017-10-03","211.06"
"122","YW98","man07","7","31.34","21.32","2017-08-29","2017-10-16","198.06"
"123","VX97","man73","37","40.72","23.35","2017-08-16","2017-10-14","1483.29"
"124","OT04","man37","8","29.46","26.17","2017-09-18","2017-10-10","209.51"
"125","CP79","man20","56","29.53","12.08","2017-08-18","2017-10-03","1641.6000000000001"
"126","OZ11","man08","88","73.59","10.06","2017-09-01","2017-09-21","6465.86"
"127","MX80","man76","63","96.52","11.97","2017-08-11","2017-10-12","6068.789999999999"
"128","YW96","man16","51","94.65","15.37","2017-08-26","2017-10-03","4811.780000000001"
"129","SP96","man69","24","28.87","22.09","2017-09-12","2017-09-22","670.79"
"130","FN92","man43","38","78.64","17.65","2017-08-18","2017-10-07","2970.67"
"131","HJ64","man21","97","63.11","11.85","2017-08-26","2017-10-19","6109.82"
"132","NX59","man12","29","59.26","21.79","2017-08-11","2017-10-09","1696.75"
"133","WM37","man77","70","34.02","22.85","2017-09-01","2017-10-08","2358.55"
"134","GG36","man28","21","65.73","28.48","2017-07-24","2017-10-15","1351.8500000000001"
"135","WQ05","man96","32","54.2","27.78","2017-08-15","2017-09-20","1706.6200000000001"
"136","LR11","man56","63","35.51","21.42","2017-08-04","2017-10-14","2215.7099999999996"
"137","XG30","man21","69","75.0","20.21","2017-09-18","2017-10-01","5154.79"
"138","EY25","man44","5","35.16","14.56","2017-08-11","2017-09-25","161.23999999999998"
"139","TZ94","man72","21","47.47","26.28","2017-09-07","2017-09-26","970.59"
"140","PA96","man08","3","27.68","14.29","2017-09-08","2017-10-01","68.75"
"141","XP50","man11","55","38.76","15.69","2017-08-25","2017-10-02","2116.1099999999997"
"142","XM13","man95","98","82.94","28.87","2017-09-08","2017-09-25","8099.25"
"143","DG28","man26","75","64.58","25.09","2017-09-06","2017-09-24","4818.41"
"144","WN53","man19","91","32.57","18.2","2017-08-13","2017-10-02","2945.67"
"145","AM05","man33","69","44.18","13.79","2017-09-02","2017-10-10","3034.63"
"146","EB82","man07","85","94.65","12.25","2017-08-16","2017-10-10","8033.000000000001"
"147","NO49","man74","64","21.78","21.41","2017-08-03","2017-10-14","1372.51"
"148","MM13","man73","74","53.33","11.8","2017-09-13","2017-09-25","3934.62"
"149","JY65","man28","38","55.51","10.49","2017-08-12","2017-10-15","2098.8900000000003"
"150","XX11","man96","77","31.96","27.36","2017-08-29","2017-09-25","2433.56"
"151","KH77","man57","88","34.53","27.45","2017-08-12","2017-10-16","3011.1900000000005"
"152","AH18","man71","20","57.93","18.55","2017-09-12","2017-10-07","1140.05"
"153","KH76","man35","1","21.99","29.86","2017-07-29","2017-10-09","-7.870000000000001"
"154","FH35","man61","42","56.63","15.91","2017-07-22","2017-10-04","2362.55"
"155","AV51","man76","50","79.76","20.2","2017-08-13","2017-10-08","3967.8000000000006"
"156","ME29","man71","31","85.65","24.62","2017-08-15","2017-10-09","2630.53"
"157","DM87","man97","85","51.53","19.48","2017-08-04","2017-10-15","4360.570000000001"
"158","SL74","man38","33","26.8","10.16","2017-08-10","2017-09-26","874.24"
"159","HQ55","man39","26","96.42","28.58","2017-09-15","2017-09-25","2478.34"
"160","DF49","man16","97","52.68","18.99","2017-08-16","2017-09-20","5090.97"
"161","AW00","man52","94","29.28","16.41","2017-09-17","2017-09-30","2735.9100000000003"
"162","EB96","man55","9","89.05","25.79","2017-08-05","2017-09-23","775.66"
"163","GY92","man61","8","93.71","20.86","2017-08-12","2017-09-22","728.8199999999999"
"164","JW54","man26","35","49.98","19.53","2017-09-07","2017-09-24","1729.77"
"165","OS46","man59","12","35.02","26.57","2017-08-08","2017-10-19","393.67"
"166","JB19","man60","75","51.96","21.4","2017-08-01","2017-09-22","3875.6"
"167","BB69","man02","36","92.73","14.84","2017-07-31","2017-10-12","3323.44"
"168","VO99","man95","4","92.87","25.1","2017-09-02","2017-10-13","346.38"
"169","LV17","man21","47","25.82","28.9","2017-07-27","2017-10-11","1184.6399999999999"
"170","CM20","man55","62","60.55","26.49","2017-07-23","2017-09-26","3727.61"
"171","EW04","man22","94","84.2","24.11","2017-08-16","2017-09-22","7890.6900000000005"
"172","GC13","man07","72","79.91","21.24","2017-08-10","2017-10-19","5732.28"
"173","KW02","man69","56","24.18","13.97","2017-09-04","2017-09-20","1340.11"
"174","UU91","man58","41","47.48","20.22","2017-08-14","2017-09-22","1926.4599999999998"
"175","QN75","man69","25","92.57","16.82","2017-08-02","2017-10-15","2297.43"
"176","IG16","man13","99","70.09","13.71","2017-09-01","2017-10-08","6925.200000000001"
"177","KC64","man56","99","21.99","23.36","2017-09-16","2017-10-11","2153.6499999999996"
"178","BN54","man18","100","93.45","20.37","2017-08-22","2017-10-07","9324.63"
"179","IA96","man78","85","96.96","19.82","2017-09-16","2017-10-08","8221.78"
"180","MV36","man46","42","82.13","25.44","2017-09-16","2017-10-19","3424.02"
"181","HY62","man06","21","29.95","23.67","2017-08-27","2017-10-11","605.28"
"182","BE18","man31","33","26.8","29.06","2017-09-06","2017-10-06","855.34"
"183","OU60","man60","78","43.53","24.57","2017-07-27","2017-10-05","3370.77"
"184","QP32","man34","67","31.39","26.52","2017-08-16","2017-10-03","2076.61"
"185","AG45","man52","87","75.08","14.16","2017-08-10","2017-10-18","6517.8"
"186","BB84","man73","52","24.14","12.99","2017-08-29","2017-10-20","1242.29"
"187","VQ29","man37","15","32.59","10.63","2017-08-23","2017-10-12","478.22"
"188","KX20","man15","65","59.67","20.42","2017-08-13","2017-09-23","3858.13"
"189","KE68","man77","26","75.58","29.54","2017-07-24","2017-09-23","1935.54"
"190","EV69","man03","89","45.02","11.86","2017-08-01","2017-09-24","3994.92"
"191","ST86","man80","17","62.34","23.55","2017-08-09","2017-09-29","1036.23"
"192","QZ03","man44","86","82.36","10.69","2017-08-04","2017-09-29","7072.27"
"193","QW45","man94","49","58.7","11.31","2017-08-02","2017-09-29","2864.9900000000002"
"194","UL19","man90","86","76.12","25.52","2017-08-28","2017-09-28","6520.8"
"195","EL35","man00","93","71.76","28.16","2017-08-13","2017-09-21","6645.52"
"196","GL15","man20","80","64.59","17.33","2017-09-09","2017-10-15","5149.870000000001"
"197","MQ27","man98","24","53.92","21.44","2017-08-23","2017-09-21","1272.6399999999999"
"198","BH63","man46","39","34.29","16.65","2017-08-15","2017-10-07","1320.6599999999999"
"199","LB78","man46","41","59.61","13.08","2017-08-20","2017-09-28","2430.93"
"200","FL14","man59","95","97.78","11.93","2017-07-26","2017-10-13","9277.17"
"201","HK12","man11","23","85.18","16.82","2017-08-11","2017-10-06","1942.3200000000002"
"202","XX88","man79","95","57.57","29.27","2017-07-27","2017-10-17","5439.879999999999"
"203","WB54","man05","71","55.77","23.84","2017-08-30","2017-10-07","3935.83"
"204","EC74","man74","29","91.94","28.21","2017-08-28","2017-10-19","2638.0499999999997"
"205","TG50","man62","24","49.48","26.33","2017-08-23","2017-09-23","1161.19"
"206","YT43","man80","31","60.62","20.77","2017-08-26","2017-10-20","1858.45"
"207","VZ47","man17","31","52.24","18.16","2017-08-02","2017-10-12","1601.28"
"208","RB40","man46","93","47.49","12.68","2017-07-24","2017-10-19","4403.89"
"209","DA69","man57","81","82.21","23.01","2017-08-21","2017-09-26","6635.999999999999"
"210","NM45","man35","43","57.76","26.31","2017-07-30","2017-10-17","2457.37"
"211","MX89","man13","21","57.64","27.78","2017-09-14","2017-10-10","1182.66"
"212","SU89","man76","43","94.37","23.99","2017-08-27","2017-10-09","4033.9200000000005"
"213","KJ78","man71","57","42.5","19.94","2017-09-16","2017-10-05","2402.56"
"214","IT35","man80","75","31.29","21.86","2017-08-22","2017-10-07","2324.89"
"215","YW68","man77","61","23.57","27.89","2017-08-15","2017-10-16","1409.8799999999999"
"216","DT42","man39","23","81.65","10.43","2017-09-12","2017-10-03","1867.52"
"217","QH03","man86","64","95.47","15.17","2017-09-16","2017-10-05","6094.91"
"218","EZ24","man35","69","67.64","14.61","2017-08-02","2017-10-12","4652.55"
"219","OR84","man54","69","74.37","12.58","2017-09-06","2017-10-14","5118.950000000001"
"220","VD40","man33","52","92.34","13.5","2017-07-25","2017-10-09","4788.18"
"221","IP69","man17","99","28.41","24.76","2017-08-28","2017-09-24","2787.83"
"222","RE00","man99","92","31.54","17.11","2017-09-13","2017-09-21","2884.5699999999997"
"223","XL76","man48","61","80.53","17.95","2017-08-29","2017-10-02","4894.38"
"224","TB05","man91","49","64.3","17.01","2017-08-26","2017-10-15","3133.6899999999996"
"225","ZT13","man73","38","96.5","28.88","2017-08-30","2017-10-02","3638.12"
"226","IU61","man91","37","56.04","22.84","2017-08-16","2017-09-20","2050.64"
"227","AG28","man87","31","99.66","12.87","2017-09-11","2017-10-14","3076.59"
"228","NV50","man44","22","59.2","10.26","2017-09-01","2017-09-29","1292.14"
"229","RA61","man30","100","75.38","19.71","2017-08-26","2017-09-28","7518.29"
"230","LI33","man90","12","73.03","29.38","2017-08-06","2017-09-28","846.98"
"231","VU36","man14","98","22.06","26.35","2017-08-17","2017-09-22","2135.5299999999997"
"232","DS81","man95","95","58.83","18.46","2017-08-12","2017-10-20","5570.389999999999"
"233","BW08","man60","84","70.18","16.5","2017-08-26","2017-10-02","5878.620000000001"
"234","QG15","man65","99","40.67","23.54","2017-08-12","2017-09-30","4002.7900000000004"
"235","JH81","man55","46","80.75","29.73","2017-08-06","2017-10-20","3684.77"
"236","SF06","man18","9","37.87","11.55","2017-07-22","2017-10-07","329.28"
"237","SC42","man92","74","61.96","20.95","2017-08-09","2017-10-05","4564.09"
"238","IN70","man61","46","91.73","26.96","2017-08-31","2017-10-17","4192.62"
"239","HI01","man23","86","49.96","28.93","2017-08-17","2017-10-10","4267.63"
"240","WZ97","man95","61","81.25","13.71","2017-08-01","2017-10-10","4942.54"
"241","MS16","man42","86","73.66","28.62","2017-08-01","2017-09-30","6306.139999999999"
"242","NN47","man11","41","94.15","29.2","2017-09-11","2017-09-30","3830.9500000000003"
"243","GF00","man45","22","31.51","29.9","2017-08-25","2017-10-03","663.32"
"244","CB71","man79","85","79.55","21.78","2017-08-17","2017-09-28","6739.97"
"245","FF12","man73","5","29.94","26.31","2017-09-08","2017-09-20","123.39000000000001"
"246","IE28","man72","26","72.76","15.28","2017-09-08","2017-10-06","1876.4800000000002"
"247","AK48","man38","5","78.24","16.92","2017-08-05","2017-09-27","374.28"
"248","LS66","man77","51","75.76","15.48","2017-08-15","2017-10-01","3848.28"
"249","MC12","man79","18","98.8","27.94","2017-08-13","2017-10-01","1750.4599999999998"
"250","RV33","man70","74","21.01","11.68","2017-08-26","2017-10-17","1543.06"
"251","NP25","man60","69","65.38","19.45","2017-09-15","2017-09-23","4491.7699999999995"
"252","DC70","man34","47","37.59","18.65","2017-08-14","2017-09-24","1748.0800000000002"
"253","BV21","man66","19","35.48","14.42","2017-07-23","2017-10-15","659.6999999999999"
"254","JL10","man36","82","62.74","19.74","2017-08-29","2017-09-30","5124.9400000000005"
"255","MW92","man65","68","77.38","22.65","2017-08-12","2017-10-09","5239.1900000000005"
"256","OU49","man04","8","59.35","16.0","2017-09-19","2017-10-02","458.8"
"257","AP52","man59","66","62.01","11.96","2017-08-13","2017-09-29","4080.7"
"258","YU43","man06","53","64.68","11.43","2017-07-26","2017-10-01","3416.6100000000006"
"259","CI01","man32","74","30.6","18.17","2017-08-18","2017-10-19","2246.23"
"260","JW32","man82","19","61.1","26.4","2017-07-28","2017-10-19","1134.5"
"261","RY28","man74","2","88.28","17.87","2017-07-25","2017-10-05","158.69"
"262","HC96","man04","31","61.99","10.94","2017-09-18","2017-09-23","1910.75"
"263","IM81","man92","83","72.68","26.97","2017-08-20","2017-10-18","6005.47"
"264","GG38","man95","4","43.0","16.47","2017-08-01","2017-09-20","155.53"
"265","DX84","man58","83","73.48","26.06","2017-07-31","2017-10-02","6072.78"
"266","MQ97","man58","7","44.38","25.37","2017-08-23","2017-10-01","285.29"
"267","CY62","man91","35","98.85","11.19","2017-09-01","2017-09-28","3448.56"
"268","IM27","man84","75","79.54","17.64","2017-08-15","2017-09-25","5947.860000000001"
"269","LP84","man41","92","34.91","13.64","2017-08-01","2017-10-02","3198.08"
"270","ZT95","man43","40","95.72","29.04","2017-09-02","2017-09-29","3799.76"
"271","RL94","man30","47","28.15","27.31","2017-08-10","2017-09-30","1295.74"
"272","LZ88","man19","60","22.62","22.6","2017-08-14","2017-10-15","1334.6000000000001"
"273","WG45","man12","13","33.4","28.19","2017-08-28","2017-09-29","406.01"
"274","TJ19","man02","44","36.74","29.75","2017-09-19","2017-10-15","1586.8100000000002"
"275","WY81","man43","5","47.47","12.28","2017-09-13","2017-10-02","225.07"
"276","XX12","man28","4","36.46","17.28","2017-09-11","2017-09-22","128.56"
"277","KE86","man45","94","80.89","11.44","2017-07-27","2017-09-22","7592.22"
"278","OC35","man51","58","62.44","20.6","2017-08-12","2017-10-03","3600.92"
"279","BY26","man96","13","89.49","20.48","2017-09-03","2017-10-17","1142.8899999999999"
"280","MD07","man53","33","51.64","15.59","2017-07-28","2017-09-26","1688.5300000000002"
"281","TQ47","man08","78","55.37","29.53","2017-08-01","2017-10-08","4289.33"
"282","LG88","man83","28","64.13","11.74","2017-08-05","2017-10-15","1783.8999999999999"
"283","IY07","man18","21","68.26","13.08","2017-09-02","2017-09-27","1420.38"
"284","EG38","man23","74","75.0","19.11","2017-07-30","2017-09-25","5530.89"
"285","MO19","man45","50","60.78","28.98","2017-09-07","2017-09-22","3010.02"
"286","LG96","man07","18","96.73","27.89","2017-08-28","2017-09-24","1713.25"
"287","MW40","man43","85","24.84","22.24","2017-08-18","2017-09-24","2089.1600000000003"
"288","IE21","man40","71","44.97","18.67","2017-09-18","2017-09-25","3174.2"
"289","WM65","man04","57","42.32","26.28","2017-09-18","2017-09-21","2385.96"
"290","RY33","man24","1","27.2","12.54","2017-09-01","2017-09-22","14.66"
"291","KK64","man08","78","36.38","13.95","2017-09-12","2017-10-13","2823.6900000000005"
"292","IG73","man60","72","59.78","18.28","2017-08-06","2017-10-16","4285.88"
"293","EL57","man66","94","50.71","27.89","2017-08-27","2017-09-22","4738.849999999999"
"294","HE84","man97","74","60.76","23.32","2017-08-23","2017-10-08","4472.92"
"295","AJ00","man72","72","46.27","11.48","2017-09-12","2017-10-07","3319.96"
"296","NM19","man30","54","30.4","11.61","2017-09-08","2017-10-05","1629.99"
"297","OP11","man32","87","52.41","19.65","2017-08-03","2017-09-20","4540.02"
"298","TR11","man84","2","29.09","10.9","2017-07-29","2017-10-03","47.28"
"299","XH95","man03","68","48.35","27.32","2017-09-04","2017-09-26","3260.48"
"300","AH49","man62","3","62.75","15.71","2017-08-25","2017-09-27","172.54"
"301","VX61","man25","86","28.79","25.87","2017-08-27","2017-09-28","2450.07"
"302","TY03","man55","79","44.08","11.68","2017-08-08","2017-10-02","3470.64"
"303","HC45","man25","26","50.93","22.18","2017-07-27","2017-10-04","1302.0"
"304","PQ68","man39","4","85.19","26.99","2017-08-24","2017-09-28","313.77"
"305","YT12","man14","44","34.28","12.58","2017-09-15","2017-09-24","1495.7400000000002"
"306","SR85","man58","96","62.34","22.85","2017-07-25","2017-09-20","5961.79"
"307","PS08","man89","74","71.07","23.9","2017-08-07","2017-10-14","5235.28"
"308","QI35","man40","62","49.62","29.21","2017-08-24","2017-09-20","3047.23"
"309","VV57","man82","28","99.96","11.96","2017-08-30","2017-10-17","2786.9199999999996"
"310","BT00","man49","40","85.95","12.81","2017-08-26","2017-09-27","3425.19"
"311","XT23","man15","34","74.72","14.05","2017-07-28","2017-10-01","2526.43"
"312","RG95","man24","99","42.72","24.52","2017-08-07","2017-10-03","4204.759999999999"
"313","UJ40","man87","68","60.29","16.27","2017-09-17","2017-10-10","4083.4500000000003"
"314","HU65","man02","1","47.4","21.52","2017-09-06","2017-10-07","25.88"
"315","XD64","man30","87","38.74","25.95","2017-08-08","2017-09-20","3344.4300000000003"
"316","TZ68","man70","6","55.01","22.71","2017-08-22","2017-10-03","307.35"
"317","BY64","man72","26","54.32","20.08","2017-08-20","2017-09-23","1392.24"
"318","GJ70","man08","20","60.22","22.84","2017-09-11","2017-10-19","1181.5600000000002"
"319","SO69","man82","75","36.37","28.0","2017-08-17","2017-10-01","2699.75"
"320","UU88","man54","28","34.98","22.76","2017-08-14","2017-10-18","956.68"
"321","AR96","man71","5","28.41","25.4","2017-08-21","2017-09-24","116.65"
"322","GJ07","man87","56","46.5","17.88","2017-08-03","2017-09-28","2586.12"
"323","HW90","man35","16","97.32","29.55","2017-09-10","2017-09-22","1527.57"
"324","AQ37","man81","71","21.19","13.97","2017-07-22","2017-09-21","1490.52"
"325","BL80","man63","7","57.2","13.13","2017-08-14","2017-10-19","387.27000000000004"
"326","ZD07","man26","24","79.95","20.28","2017-08-07","2017-09-22","1898.5200000000002"
"327","GL71","man95","51","67.09","18.76","2017-08-27","2017-09-30","3402.83"
"328","FI61","man95","56","75.01","14.85","2017-08-29","2017-10-10","4185.71"
"329","ST97","man13","21","83.29","10.94","2017-09-20","2017-10-12","1738.15"
"330","RI34","man03","27","58.01","17.91","2017-08-09","2017-09-25","1548.36"
"331","EQ45","man05","83","32.3","12.9","2017-09-09","2017-10-10","2667.9999999999995"
"332","KR56","man24","75","46.02","13.68","2017-07-30","2017-09-25","3437.8200000000006"
"333","UE35","man11","38","77.32","28.4","2017-07-31","2017-10-03","2909.7599999999998"
"334","VC09","man02","33","71.3","20.13","2017-08-12","2017-10-07","2332.77"
"335","OC45","man20","11","80.5","11.12","2017-08-02","2017-09-26","874.38"
"336","NX18","man16","37","34.61","14.79","2017-08-25","2017-10-13","1265.78"
"337","FW73","man01","2","88.77","15.77","2017-08-02","2017-10-08","161.76999999999998"
"338","NV19","man51","65","49.0","23.31","2017-08-12","2017-10-01","3161.69"
"339","ID99","man87","79","56.0","14.7","2017-08-09","2017-10-07","4409.3"
"340","JM36","man68","56","34.57","19.05","2017-08-21","2017-10-11","1916.8700000000001"
"341","VI00","man63","42","59.09","18.02","2017-09-13","2017-10-03","2463.76"
"342","DE51","man59","50","21.05","19.91","2017-08-09","2017-10-02","1032.59"
"343","GT04","man60","18","98.63","25.67","2017-09-16","2017-10-16","1749.6699999999998"
"344","JV14","man48","38","43.19","13.51","2017-09-06","2017-10-05","1627.7099999999998"
"345","FQ46","man98","86","84.33","20.13","2017-09-02","2017-09-20","7232.25"
"346","DD52","man75","83","85.16","27.97","2017-07-25","2017-10-07","7040.3099999999995"
"347","BS95","man85","45","76.38","15.66","2017-08-07","2017-10-08","3421.44"
"348","GP67","man55","78","51.47","16.55","2017-08-29","2017-09-23","3998.1099999999997"
"349","OJ73","man08","67","93.38","22.83","2017-09-11","2017-10-16","6233.63"
"350","JL82","man83","83","85.58","19.32","2017-08-20","2017-09-23","7083.82"
"351","BK59","man27","12","40.08","28.08","2017-08-17","2017-10-08","452.88"
"352","AR70","man00","88","80.18","28.88","2017-08-25","2017-10-20","7026.96"
"353","QE04","man38","6","20.58","17.44","2017-08-07","2017-10-18","106.03999999999999"
"354","EC52","man82","77","68.97","16.95","2017-09-16","2017-10-03","5293.74"
"355","QA09","man66","33","73.83","25.14","2017-08-08","2017-10-01","2411.25"
"356","ML99","man16","45","77.19","18.6","2017-08-30","2017-09-21","3454.95"
"357","JC15","man76","70","29.23","13.39","2017-08-12","2017-10-18","2032.71"
"358","UQ95","man01","83","37.48","21.86","2017-07-31","2017-10-11","3088.9799999999996"
"359","OT40","man16","70","74.34","11.98","2017-07-27","2017-09-28","5191.820000000001"
"360","XW15","man01","53","23.16","13.39","2017-09-06","2017-09-28","1214.09"
"361","BW98","man74","27","21.72","22.91","2017-09-09","2017-10-06","563.53"
"362","HL35","man35","33","45.39","10.25","2017-09-06","2017-10-08","1487.6200000000001"
"363","CB62","man46","24","44.56","28.71","2017-09-18","2017-10-11","1040.73"
"364","BA91","man40","43","25.22","24.45","2017-09-16","2017-09-26","1060.01"
"365","ZM48","man65","49","35.17","16.73","2017-08-08","2017-10-14","1706.6000000000001"
"366","VY96","man53","44","50.39","18.03","2017-07-22","2017-10-07","2199.1299999999997"
"367","UB01","man66","66","54.93","26.51","2017-08-12","2017-09-22","3598.87"
"368","CG56","man29","90","27.38","22.95","2017-08-30","2017-10-05","2441.25"
"369","IL62","man76","64","96.25","21.37","2017-09-06","2017-10-02","6138.63"
"370","WA81","man67","60","75.32","12.73","2017-08-20","2017-10-11","4506.47"
"371","EM71","man63","78","49.28","12.9","2017-09-16","2017-10-12","3830.94"
"372","LQ36","man20","99","36.13","24.82","2017-08-14","2017-10-02","3552.05"
"373","VO32","man19","10","31.83","13.96","2017-08-27","2017-10-12","304.34"
"374","BQ21","man77","5","76.85","29.84","2017-08-31","2017-10-08","354.41"
"375","NC20","man89","73","89.05","11.16","2017-08-23","2017-10-20","6489.49"
"376","AX49","man14","26","94.33","15.86","2017-08-14","2017-10-09","2436.72"
"377","AT58","man73","80","83.18","18.99","2017-09-13","2017-10-16","6635.410000000001"
"378","JJ21","man44","1","21.26","26.0","2017-08-24","2017-10-15","-4.739999999999998"
"379","RP84","man60","47","28.27","27.38","2017-08-07","2017-10-09","1301.31"
"380","LA60","man39","91","79.81","18.35","2017-07-27","2017-09-28","7244.36"
"381","AU96","man87","15","34.72","18.72","2017-09-18","2017-09-21","502.0799999999999"
"382","ZP15","man81","34","46.86","29.01","2017-08-06","2017-10-02","1564.23"
"383","BJ62","man09","67","82.46","26.65","2017-09-07","2017-10-16","5498.17"
"384","XV90","man80","95","96.24","13.39","2017-08-10","2017-10-18","9129.41"
"385","GL85","man75","40","88.14","23.31","2017-08-01","2017-10-07","3502.29"
"386","SZ53","man81","58","99.4","22.56","2017-08-12","2017-09-24","5742.64"
"387","VE13","man47","81","53.35","16.44","2017-08-16","2017-10-09","4304.910000000001"
"388","EE13","man07","26","73.71","27.46","2017-08-02","2017-10-14","1888.9999999999998"
"389","VC20","man40","53","50.88","26.75","2017-07-26","2017-09-29","2669.8900000000003"
"390","KT28","man40","13","86.82","24.87","2017-08-01","2017-10-01","1103.79"
"391","VL96","man67","74","45.88","14.54","2017-08-24","2017-10-02","3380.5800000000004"
"392","WK42","man49","85","29.47","28.82","2017-08-13","2017-09-27","2476.1299999999997"
"393","EC33","man79","81","90.87","28.1","2017-09-13","2017-09-24","7332.37"
"394","NA50","man50","5","43.0","28.73","2017-08-09","2017-10-17","186.27"
"395","US09","man07","24","93.18","29.99","2017-08-03","2017-10-19","2206.3300000000004"
"396","XX21","man02","63","56.07","28.22","2017-07-26","2017-10-13","3504.19"
"397","VY42","man90","87","57.09","14.16","2017-09-16","2017-10-15","4952.67"
"398","EX29","man11","95","93.0","11.05","2017-08-11","2017-10-01","8823.95"
"399","XW39","man03","76","81.45","11.13","2017-08-21","2017-10-19","6179.07"
"400","GC62","man05","83","51.52","26.55","2017-09-13","2017-09-21","4249.61"
"401","EN41","man78","10","56.62","27.82","2017-09-17","2017-10-16","538.3799999999999"
"402","ZD56","man56","70","71.43","15.53","2017-09-07","2017-10-01","4984.570000000001"
"403","QI82","man91","3","74.29","25.47","2017-08-31","2017-10-08","197.4"
"404","FJ06","man04","62","37.47","27.11","2017-08-14","2017-10-18","2296.0299999999997"
"405","PY42","man33","39","95.57","11.61","2017-08-28","2017-10-12","3715.6199999999994"
"406","SJ30","man54","13","78.52","11.71","2017-07-27","2017-10-09","1009.05"
"407","OB57","man94","30","91.8","10.38","2017-08-10","2017-10-07","2743.62"
"408","MT92","man06","62","94.15","22.02","2017-08-25","2017-09-24","5815.28"
"409","VK67","man62","3","82.37","28.13","2017-08-20","2017-10-16","218.98000000000002"
"410","RY30","man89","51","93.62","18.55","2017-08-16","2017-10-05","4756.07"
"411","MG28","man68","8","39.04","18.88","2017-08-28","2017-09-29","293.44"
"412","UQ50","man42","13","29.63","17.21","2017-08-27","2017-10-05","367.98"
"413","TJ85","man46","88","79.06","22.79","2017-07-24","2017-10-10","6934.490000000001"
"414","SN08","man72","50","77.75","15.11","2017-08-26","2017-10-08","3872.39"
"415","PD90","man58","88","29.25","11.04","2017-08-01","2017-10-07","2562.96"
"416","QW98","man02","34","26.42","27.7","2017-08-20","2017-09-24","870.58"
"417","JX75","man73","10","78.35","26.78","2017-09-15","2017-09-30","756.72"
"418","CU40","man91","14","90.75","18.59","2017-09-07","2017-10-13","1251.91"
"419","PU86","man41","49","36.08","19.62","2017-09-04","2017-10-19","1748.3"
"420","QT42","man58","15","28.49","23.34","2017-08-22","2017-10-04","404.01"
"421","ZR44","man24","17","76.75","19.29","2017-08-22","2017-10-17","1285.46"
"422","ZC01","man80","78","66.54","18.12","2017-08-01","2017-10-20","5172.000000000001"
"423","FY84","man49","2","82.71","22.33","2017-09-10","2017-09-23","143.08999999999997"
"424","CI76","man62","32","66.18","19.94","2017-08-25","2017-10-06","2097.82"
"425","UT91","man75","17","85.67","23.97","2017-08-23","2017-10-05","1432.42"
"426","BZ22","man41","25","67.54","21.74","2017-08-30","2017-10-13","1666.7600000000002"
"427","XO13","man61","6","21.62","13.66","2017-08-08","2017-10-11","116.06"
"428","IN61","man71","79","90.95","19.28","2017-08-29","2017-09-20","7165.77"
"429","WK21","man36","59","61.22","28.41","2017-08-15","2017-09-27","3583.57"
"430","MX06","man96","62","85.22","16.74","2017-08-26","2017-10-13","5266.900000000001"
"431","SX55","man41","100","38.51","20.73","2017-08-18","2017-09-29","3830.27"
"432","II30","man21","91","45.15","12.53","2017-09-06","2017-10-14","4096.12"
"433","JO38","man44","56","47.03","22.36","2017-08-06","2017-10-07","2611.32"
"434","AQ42","man41","6","51.39","14.4","2017-08-17","2017-10-12","293.94000000000005"
"435","BQ95","man41","18","97.49","14.63","2017-08-01","2017-09-26","1740.1899999999998"
"436","PN71","man99","12","49.41","21.08","2017-09-17","2017-10-18","571.8399999999999"
"437","WD33","man03","70","20.36","19.26","2017-08-14","2017-10-16","1405.94"
"438","SL34","man26","96","45.27","16.32","2017-08-23","2017-10-18","4329.6"
"439","XJ04","man05","21","92.83","24.95","2017-08-10","2017-10-16","1924.48"
"440","SP07","man20","52","98.17","21.38","2017-08-20","2017-10-11","5083.46"
"441","VS33","man59","9","43.15","11.15","2017-08-29","2017-10-01","377.2"
"442","YK48","man40","2","32.33","12.47","2017-09-15","2017-09-26","52.19"
"443","QM56","man65","24","67.56","27.19","2017-09-18","2017-10-19","1594.25"
"444","OO43","man78","12","75.36","22.38","2017-07-24","2017-09-30","881.9399999999999"
"445","AX37","man64","74","42.73","10.25","2017-08-01","2017-09-21","3151.77"
"446","TZ72","man33","74","27.49","13.54","2017-09-18","2017-09-21","2020.72"
"447","RC34","man12","56","31.41","26.82","2017-08-12","2017-10-10","1732.14"
"448","XH77","man58","100","63.61","17.36","2017-08-26","2017-10-15","6343.64"
"449","HX75","man48","62","38.25","12.04","2017-09-02","2017-10-02","2359.46"
"450","FB47","man38","9","39.63","18.06","2017-08-03","2017-10-14","338.61"
"451","JL23","man11","39","99.69","13.69","2017-08-02","2017-10-17","3874.22"
"452","PD89","man84","75","61.37","12.8","2017-08-19","2017-09-30","4589.95"
"453","XA05","man29","37","38.68","20.49","2017-09-02","2017-10-20","1410.67"
"454","CW16","man40","53","25.36","15.86","2017-08-27","2017-09-21","1328.22"
"455","DB61","man18","64","94.7","21.99","2017-08-26","2017-10-09","6038.81"
"456","JI19","man07","77","32.91","24.18","2017-09-08","2017-10-13","2509.89"
"457","YI87","man85","82","35.73","14.86","2017-07-26","2017-10-18","2914.9999999999995"
"458","BR93","man91","75","45.44","24.59","2017-08-22","2017-09-20","3383.41"
"459","NV29","man71","31","26.03","18.76","2017-09-12","2017-09-23","788.1700000000001"
"460","BX05","man86","35","20.89","13.63","2017-07-23","2017-10-15","717.52"
"461","VA25","man24","71","90.93","26.08","2017-08-12","2017-10-01","6429.950000000001"
"462","SN38","man73","95","73.21","11.93","2017-09-05","2017-09-30","6943.0199999999995"
"463","FI57","man11","25","42.71","28.04","2017-09-14","2017-10-20","1039.71"
"464","YQ62","man23","42","36.86","23.44","2017-07-26","2017-10-10","1524.6799999999998"
"465","ZB24","man27","58","56.42","19.54","2017-08-19","2017-09-26","3252.82"
"466","RH11","man03","6","70.52","11.17","2017-08-01","2017-10-19","411.95"
"467","GJ88","man67","4","86.08","22.36","2017-09-05","2017-10-07","321.96"
"468","YD95","man78","91","69.15","25.32","2017-08-15","2017-10-16","6267.330000000001"
"469","BX27","man08","47","73.15","26.81","2017-08-01","2017-10-17","3411.2400000000002"
"470","FI84","man42","69","34.19","28.57","2017-09-04","2017-10-12","2330.5399999999995"
"471","VG44","man57","82","61.05","18.34","2017-08-12","2017-09-24","4987.759999999999"
"472","VD16","man36","39","79.12","23.99","2017-08-31","2017-09-29","3061.6900000000005"
"473","YV22","man79","37","57.8","21.6","2017-08-28","2017-10-16","2117.0"
"474","SB05","man95","5","48.39","26.99","2017-08-20","2017-10-04","214.95999999999998"
"475","DC59","man37","17","75.17","25.67","2017-09-03","2017-09-26","1252.22"
"476","CK56","man38","3","59.71","15.99","2017-09-15","2017-09-22","163.14"
"477","JN75","man72","80","47.81","27.5","2017-07-30","2017-09-20","3797.3"
"478","KW00","man07","64","48.98","11.11","2017-09-15","2017-10-15","3123.6099999999997"
"479","PF45","man67","28","97.79","24.02","2017-09-16","2017-10-11","2714.1000000000004"
"480","UF52","man00","86","88.26","27.81","2017-08-23","2017-10-07","7562.55"
"481","CZ82","man14","79","59.73","18.25","2017-08-11","2017-10-03","4700.42"
"482","MP79","man74","26","49.62","12.69","2017-08-04","2017-10-05","1277.4299999999998"
"483","JL01","man00","50","43.91","15.67","2017-08-14","2017-09-27","2179.83"
"484","KQ84","man12","60","37.83","27.85","2017-08-23","2017-09-25","2241.95"
"485","BT41","man51","31","86.13","10.55","2017-09-07","2017-09-29","2659.4799999999996"
"486","IV69","man08","7","23.82","23.24","2017-08-30","2017-10-16","143.5"
"487","NW78","man06","10","41.39","28.47","2017-08-20","2017-10-19","385.42999999999995"
"488","VB21","man09","49","28.84","28.93","2017-07-31","2017-09-25","1384.23"
"489","MQ41","man51","69","90.11","24.73","2017-08-31","2017-10-17","6192.860000000001"
"490","PT33","man76","99","28.37","26.08","2017-08-02","2017-09-22","2782.55"
"491","LZ89","man84","23","94.11","29.58","2017-07-24","2017-09-27","2134.9500000000003"
"492","KC08","man96","62","33.44","15.93","2017-07-27","2017-10-09","2057.35"
"493","YH37","man07","95","23.11","23.58","2017-08-29","2017-09-24","2171.87"
"494","FQ86","man91","73","83.66","20.21","2017-09-12","2017-10-02","6086.969999999999"
"495","SA10","man22","30","67.89","23.76","2017-09-12","2017-09-27","2012.94"
"496","JL03","man28","6","67.02","29.93","2017-08-21","2017-10-10","372.19"
"497","ZN26","man79","25","58.02","10.99","2017-09-01","2017-09-25","1439.51"
"498","ZS02","man97","84","51.77","15.13","2017-07-31","2017-10-10","4333.55"
"499","VT64","man40","88","27.97","19.14","2017-07-26","2017-10-08","2442.22"
"500","DZ30","man08","97","33.73","27.14","2017-08-03","2017-10-07","3244.6699999999996"
"501","AM33","man81","95","34.85","17.82","2017-08-17","2017-10-01","3292.93"
"502","LT14","man62","91","35.51","29.08","2017-09-08","2017-10-14","3202.33"
"503","OQ46","man94","69","93.38","19.4","2017-08-25","2017-10-18","6423.82"
"504","YU04","man56","5","97.89","28.26","2017-07-22","2017-09-28","461.19"
"505","DN51","man66","59","61.72","22.28","2017-09-13","2017-09-29","3619.2"
"506","YX19","man06","80","88.14","23.25","2017-08-15","2017-10-11","7027.95"
"507","NC25","man71","19","26.93","28.74","2017-08-17","2017-09-23","482.93"
"508","PE76","man17","19","39.57","17.3","2017-08-15","2017-10-16","734.5300000000001"
"509","RC60","man59","40","96.76","13.37","2017-08-29","2017-09-29","3857.03"
"510","VW98","man21","21","93.9","29.79","2017-07-24","2017-09-20","1942.1100000000001"
"511","RO70","man49","24","95.61","16.2","2017-08-22","2017-10-14","2278.44"
"512","GP01","man12","31","65.0","12.82","2017-09-01","2017-10-03","2002.18"
"513","CC33","man99","43","77.7","13.77","2017-09-11","2017-09-27","3327.33"
"514","NA24","man31","5","90.33","18.77","2017-09-20","2017-09-25","432.88"
"515","JR09","man16","85","79.73","15.03","2017-08-29","2017-10-14","6762.02"
"516","CU08","man77","74","95.53","27.33","2017-07-23","2017-10-15","7041.89"
"517","LA15","man24","24","30.59","13.58","2017-08-16","2017-09-29","720.5799999999999"
"518","TN85","man87","23","21.2","19.53","2017-09-03","2017-10-18","468.06999999999994"
"519","KK73","man51","1","58.14","16.61","2017-08-03","2017-09-22","41.53"
"520","LO54","man09","27","55.37","12.0","2017-08-23","2017-09-24","1482.99"
"521","CJ92","man84","69","72.43","26.45","2017-08-17","2017-09-22","4971.22"
"522","RQ82","man72","61","80.59","24.6","2017-09-15","2017-09-20","4891.389999999999"
"523","HL85","man46","62","67.35","22.54","2017-09-19","2017-10-01","4153.16"
"524","RT68","man85","40","98.8","12.7","2017-08-05","2017-09-21","3939.3"
"525","QP45","man32","92","37.11","23.76","2017-08-20","2017-09-24","3390.3599999999997"
"526","JZ62","man59","13","78.66","20.14","2017-08-20","2017-09-21","1002.4399999999999"
"527","KW53","man86","25","39.17","10.58","2017-08-05","2017-09-28","968.67"
"528","KV64","man65","29","92.42","14.53","2017-08-18","2017-09-27","2665.6499999999996"
"529","GU21","man72","6","81.74","21.54","2017-08-22","2017-09-25","468.8999999999999"
"530","NF69","man05","25","80.84","28.75","2017-08-23","2017-10-12","1992.25"
"531","AV26","man88","53","61.36","20.48","2017-09-01","2017-10-14","3231.6"
"532","BW54","man61","51","27.22","25.0","2017-08-29","2017-10-09","1363.22"
"533","ZM32","man42","88","63.64","12.0","2017-07-28","2017-09-30","5588.32"
"534","KH61","man08","71","56.07","21.63","2017-07-29","2017-09-30","3959.3399999999997"
"535","UW69","man40","9","46.27","29.37","2017-08-15","2017-10-01","387.06"
"536","KW12","man36","31","33.08","18.25","2017-09-14","2017-10-08","1007.23"
"537","IJ16","man10","29","35.53","28.75","2017-09-04","2017-10-09","1001.6200000000001"
"538","BG09","man71","52","82.66","19.33","2017-08-15","2017-10-08","4278.99"
"539","RD54","man57","18","73.84","27.5","2017-08-20","2017-09-22","1301.6200000000001"
"540","AT62","man32","86","32.53","28.67","2017-08-06","2017-09-27","2768.91"
"541","HI06","man13","63","90.83","26.86","2017-09-10","2017-09-29","5695.43"
"542","IR98","man86","67","74.61","16.8","2017-07-28","2017-10-14","4982.07"
"543","HX54","man61","9","67.85","10.51","2017-08-05","2017-10-11","600.14"
"544","DN19","man53","98","76.95","24.42","2017-08-11","2017-09-22","7516.68"
"545","KX12","man57","6","68.85","26.87","2017-08-14","2017-10-14","386.22999999999996"
"546","HT53","man38","81","20.62","23.5","2017-08-07","2017-10-14","1646.72"
"547","OZ40","man09","20","52.8","19.11","2017-08-26","2017-09-25","1036.89"
"548","WE68","man51","40","84.29","18.38","2017-07-29","2017-10-20","3353.2200000000003"
"549","ZL51","man95","85","33.19","18.7","2017-08-08","2017-10-06","2802.45"
"550","KZ59","man99","93","77.88","20.95","2017-08-19","2017-10-06","7221.889999999999"
"551","TJ20","man58","94","56.07","18.65","2017-09-18","2017-09-21","5251.93"
"552","XK95","man79","42","60.69","17.75","2017-07-29","2017-09-23","2531.23"
"553","WT19","man93","30","63.12","10.55","2017-08-03","2017-10-06","1883.05"
"554","HR87","man17","78","30.15","22.86","2017-08-27","2017-10-15","2328.8399999999997"
"555","EM92","man87","34","58.56","27.57","2017-09-12","2017-09-21","1963.47"
"556","IC47","man54","57","49.9","19.09","2017-07-25","2017-09-27","2825.2099999999996"
"557","YF06","man94","67","77.21","11.45","2017-07-22","2017-10-02","5161.62"
"558","JW51","man71","40","56.63","23.7","2017-08-30","2017-10-19","2241.5000000000005"
"559","BP27","man56","7","95.64","27.24","2017-09-19","2017-10-08","642.24"
"560","RV28","man66","66","97.85","10.52","2017-08-08","2017-09-24","6447.579999999999"
"561","FJ59","man32","8","67.26","12.8","2017-08-15","2017-10-01","525.2800000000001"
"562","OK31","man71","69","30.75","16.37","2017-08-28","2017-10-12","2105.38"
"563","CF41","man55","34","69.79","29.87","2017-08-26","2017-09-21","2342.9900000000002"
"564","CD84","man13","85","38.63","20.78","2017-07-30","2017-09-29","3262.77"
"565","AW82","man92","87","87.33","25.99","2017-09-10","2017-10-07","7571.72"
"566","ZY80","man27","2","33.91","12.52","2017-07-31","2017-09-30","55.3"
"567","BO19","man03","95","25.19","21.92","2017-07-27","2017-09-28","2371.13"
"568","LJ75","man85","53","81.98","24.16","2017-09-20","2017-10-07","4320.780000000001"
"569","BO47","man41","69","48.68","12.22","2017-08-23","2017-09-28","3346.7000000000003"
"570","AD28","man70","46","63.14","24.19","2017-08-01","2017-10-20","2880.25"
"571","ZT10","man63","99","98.73","13.1","2017-09-13","2017-10-14","9761.17"
"572","GB68","man28","93","73.52","29.91","2017-07-26","2017-10-20","6807.45"
"573","CX22","man19","65","90.62","20.03","2017-09-20","2017-09-29","5870.27"
"574","PC59","man94","71","60.79","24.45","2017-09-05","2017-10-08","4291.64"
"575","BX98","man54","38","44.96","19.97","2017-08-31","2017-09-21","1688.51"
"576","XI98","man69","73","21.31","18.3","2017-07-25","2017-10-07","1537.33"
"577","IR94","man90","62","23.26","11.61","2017-08-26","2017-09-21","1430.5100000000002"
"578","FI76","man37","77","62.97","11.02","2017-09-03","2017-09-23","4837.669999999999"
"579","XP28","man12","1","37.04","17.11","2017-08-10","2017-10-10","19.93"
"580","YO73","man64","2","86.59","22.68","2017-08-19","2017-10-01","150.5"
"581","GB33","man95","23","32.63","21.1","2017-08-27","2017-09-28","729.39"
"582","AZ37","man88","90","38.28","20.0","2017-07-22","2017-09-29","3425.2000000000003"
"583","IN95","man87","79","42.67","19.97","2017-08-07","2017-10-10","3350.9600000000005"
"584","CV98","man77","11","36.91","19.36","2017-09-15","2017-10-05","386.65"
"585","QW93","man59","60","66.58","23.39","2017-09-19","2017-10-19","3971.41"
"586","JU28","man48","78","23.04","14.42","2017-08-08","2017-09-27","1782.6999999999998"
"587","BS97","man40","46","45.23","17.55","2017-08-07","2017-10-01","2063.0299999999997"
"588","KO07","man94","52","92.65","12.54","2017-08-30","2017-10-04","4805.26"
"589","LJ34","man71","24","85.13","27.97","2017-07-28","2017-10-02","2015.1499999999999"
"590","RE76","man03","27","54.2","12.57","2017-08-06","2017-09-29","1450.8300000000002"
"591","RQ26","man05","37","75.51","10.22","2017-08-28","2017-09-25","2783.6500000000005"
"592","AW87","man49","95","33.07","25.15","2017-09-01","2017-10-06","3116.5"
"593","JU26","man36","64","61.36","23.42","2017-08-21","2017-10-01","3903.62"
"594","LK77","man60","39","98.16","27.4","2017-08-27","2017-09-27","3800.8399999999997"
"595","IO81","man63","48","39.99","18.8","2017-08-15","2017-10-14","1900.72"
"596","TW39","man07","27","65.12","18.68","2017-08-07","2017-10-01","1739.5600000000002"
"597","CZ44","man08","92","34.26","10.29","2017-08-10","2017-10-03","3141.6299999999997"
"598","CR68","man93","25","67.21","20.55","2017-09-08","2017-09-25","1659.6999999999998"
"599","DB25","man39","44","77.74","13.35","2017-09-10","2017-10-12","3407.21"
"600","KP95","man15","41","63.12","25.39","2017-08-18","2017-10-10","2562.53"
"601","YL66","man92","83","27.98","10.1","2017-09-19","2017-09-23","2312.2400000000002"
"602","OX47","man94","60","89.27","10.19","2017-09-12","2017-09-24","5346.01"
"603","QI49","man97","64","26.89","16.77","2017-08-08","2017-09-29","1704.19"
"604","TK99","man24","90","49.06","21.63","2017-08-04","2017-10-20","4393.77"
"605","VW70","man59","51","59.66","15.73","2017-09-06","2017-10-02","3026.93"
"606","WL33","man48","47","40.21","23.45","2017-09-13","2017-10-07","1866.42"
"607","VQ44","man96","50","40.79","22.47","2017-09-14","2017-10-11","2017.03"
"608","NM04","man45","8","61.44","12.73","2017-08-01","2017-10-18","478.78999999999996"
"609","RB48","man14","63","61.75","23.83","2017-08-19","2017-10-11","3866.42"
"610","BT30","man48","52","48.13","11.29","2017-08-06","2017-09-28","2491.4700000000003"
"611","LT58","man01","75","59.05","17.1","2017-08-08","2017-10-04","4411.65"
"612","WA77","man78","84","85.01","20.94","2017-09-20","2017-09-29","7119.900000000001"
"613","VA18","man08","80","61.27","17.37","2017-07-30","2017-10-09","4884.2300000000005"
"614","AO23","man12","86","21.44","28.48","2017-07-30","2017-10-07","1815.3600000000001"
"615","KO86","man55","82","29.94","11.88","2017-07-24","2017-10-04","2443.2"
"616","AF56","man12","30","81.21","20.49","2017-08-18","2017-10-02","2415.81"
"617","CJ15","man15","24","26.58","12.8","2017-09-09","2017-10-09","625.12"
"618","HX65","man26","99","57.94","21.47","2017-08-17","2017-09-23","5714.589999999999"
"619","NH45","man98","1","45.36","16.84","2017-07-23","2017-09-24","28.52"
"620","JR11","man88","79","24.23","29.3","2017-07-31","2017-09-22","1884.8700000000001"
"621","ZH22","man67","9","83.58","20.0","2017-08-09","2017-10-09","732.22"
"622","BJ61","man78","37","30.02","26.49","2017-08-21","2017-09-20","1084.25"
"623","VE06","man88","21","40.09","19.63","2017-09-18","2017-09-22","822.2600000000001"
"624","SL39","man57","57","54.85","12.96","2017-08-22","2017-10-20","3113.4900000000002"
"625","ZI41","man69","49","75.81","13.66","2017-08-27","2017-09-20","3701.03"
"626","YF46","man84","16","78.27","18.64","2017-08-31","2017-10-06","1233.6799999999998"
"627","ZY09","man12","34","66.44","23.81","2017-08-06","2017-10-06","2235.15"
"628","VG75","man66","75","80.47","28.99","2017-09-10","2017-10-03","6006.26"
"629","VI66","man75","1","99.12","20.24","2017-09-20","2017-10-08","78.88000000000001"
"630","YS28","man83","18","32.01","29.98","2017-08-20","2017-09-26","546.1999999999999"
"631","FX23","man99","99","26.17","27.13","2017-09-07","2017-10-20","2563.7000000000003"
"632","KI41","man45","70","44.22","29.86","2017-08-04","2017-10-02","3065.54"
"633","YY92","man87","6","52.7","13.48","2017-09-05","2017-09-23","302.72"
"634","HF31","man13","42","28.91","14.56","2017-08-11","2017-10-05","1199.66"
"635","BQ24","man49","31","27.23","17.17","2017-09-19","2017-10-01","826.96"
"636","UW00","man88","83","31.65","18.62","2017-08-10","2017-10-20","2608.33"
"637","FU18","man38","73","47.41","24.31","2017-09-04","2017-10-20","3436.62"
"638","QI42","man13","68","93.62","14.89","2017-08-01","2017-10-18","6351.2699999999995"
"639","DE32","man36","10","45.48","27.62","2017-07-23","2017-10-06","427.17999999999995"
"640","EQ54","man62","43","50.41","19.22","2017-07-30","2017-09-27","2148.41"
"641","XJ82","man58","13","26.12","27.03","2017-08-03","2017-09-30","312.53"
"642","FX57","man71","32","35.64","25.09","2017-09-02","2017-09-24","1115.39"
"643","IQ89","man72","37","66.79","27.22","2017-08-13","2017-10-10","2444.01"
"644","OD93","man16","32","60.09","25.16","2017-08-12","2017-10-18","1897.72"
"645","QJ20","man29","16","62.19","27.27","2017-09-01","2017-09-29","967.77"
"646","UY22","man30","8","89.46","19.25","2017-08-24","2017-10-14","696.43"
"647","JF61","man05","58","79.02","12.97","2017-09-14","2017-10-17","4570.19"
"648","ZL30","man76","40","27.53","22.23","2017-08-08","2017-10-09","1078.97"
"649","KX91","man70","27","87.19","29.25","2017-07-22","2017-09-23","2324.88"
"650","CE44","man63","29","94.55","11.88","2017-09-01","2017-09-21","2730.0699999999997"
"651","YV85","man85","90","62.77","14.01","2017-08-10","2017-09-20","5635.29"
"652","XY57","man59","93","52.11","12.0","2017-08-11","2017-10-09","4834.23"
"653","PB21","man33","67","68.39","26.99","2017-08-17","2017-09-30","4555.14"
"654","LY22","man35","52","57.0","19.07","2017-08-10","2017-10-03","2944.93"
"655","RZ66","man67","46","60.56","17.07","2017-08-06","2017-10-19","2768.69"
"656","XR05","man44","2","57.9","12.4","2017-09-12","2017-09-26","103.39999999999999"
"657","YJ07","man56","81","37.35","10.45","2017-09-18","2017-10-09","3014.9"
"658","FJ21","man11","43","61.6","13.65","2017-08-09","2017-09-26","2635.15"
"659","EZ90","man72","42","47.98","21.32","2017-08-02","2017-09-20","1993.84"
"660","EA08","man20","22","91.8","19.31","2017-08-02","2017-10-20","2000.29"
"661","WE32","man94","25","56.28","19.72","2017-07-29","2017-10-15","1387.28"
"662","VP72","man60","52","33.66","14.26","2017-08-22","2017-10-17","1736.0599999999997"
"663","BE56","man67","12","63.04","25.12","2017-08-08","2017-10-11","731.36"
"664","FB06","man96","41","53.26","20.44","2017-09-06","2017-09-29","2163.22"
"665","TX88","man64","43","65.59","29.05","2017-08-05","2017-10-03","2791.32"
"666","NQ50","man63","11","42.45","28.81","2017-09-09","2017-10-16","438.14000000000004"
"667","JF68","man39","83","80.82","12.57","2017-08-23","2017-10-02","6695.49"
"668","MU14","man06","70","76.12","23.45","2017-08-24","2017-09-25","5304.950000000001"
"669","OS14","man65","28","92.48","14.17","2017-09-01","2017-10-05","2575.27"
"670","JI94","man39","88","71.13","18.03","2017-08-21","2017-10-07","6241.41"
"671","RP82","man55","96","39.49","29.98","2017-09-12","2017-09-26","3761.06"
"672","CR30","man95","8","84.66","16.64","2017-08-30","2017-10-12","660.64"
"673","IW85","man73","79","87.03","14.77","2017-09-01","2017-10-19","6860.599999999999"
"674","DM76","man99","30","88.74","16.01","2017-08-24","2017-09-22","2646.1899999999996"
"675","TV32","man48","16","88.72","13.72","2017-08-11","2017-10-01","1405.8"
"676","DF72","man34","26","64.17","12.19","2017-08-22","2017-09-30","1656.23"
"677","KG70","man65","7","40.86","27.47","2017-08-08","2017-10-14","258.54999999999995"
"678","BA85","man50","70","82.99","26.53","2017-09-04","2017-10-05","5782.7699999999995"
"679","XC10","man89","97","73.51","20.18","2017-08-26","2017-09-25","7110.29"
"680","KB45","man79","93","82.83","23.97","2017-08-24","2017-09-22","7679.219999999999"
"681","PA41","man62","33","64.12","29.59","2017-09-11","2017-09-25","2086.37"
"682","FF50","man32","10","93.55","17.64","2017-09-14","2017-10-10","917.86"
"683","VA18","man22","40","98.67","17.98","2017-08-11","2017-10-10","3928.82"
"684","DH15","man90","75","53.5","21.96","2017-07-23","2017-10-10","3990.54"
"685","VY68","man00","50","92.5","10.61","2017-07-28","2017-09-26","4614.39"
"686","QE36","man33","74","48.55","29.05","2017-09-18","2017-09-22","3563.6499999999996"
"687","ZB29","man12","22","26.62","26.91","2017-09-04","2017-10-15","558.73"
"688","QN90","man22","15","77.95","20.81","2017-09-15","2017-09-23","1148.44"
"689","VX95","man27","43","92.72","14.51","2017-07-29","2017-09-26","3972.45"
"690","UE10","man95","60","27.36","28.85","2017-08-16","2017-09-29","1612.75"
"691","UZ21","man89","33","28.43","20.02","2017-07-26","2017-09-27","918.17"
"692","CA47","man25","12","43.02","26.88","2017-08-05","2017-10-01","489.36"
"693","GG71","man09","30","26.6","25.01","2017-07-23","2017-10-19","772.99"
"694","YZ81","man26","58","63.91","26.83","2017-07-23","2017-10-15","3679.95"
"695","JQ64","man59","24","69.8","23.58","2017-08-04","2017-09-27","1651.62"
"696","QT81","man76","87","89.38","12.8","2017-08-23","2017-10-16","7763.259999999999"
"697","BE70","man01","32","98.02","27.22","2017-09-09","2017-10-17","3109.42"
"698","GJ64","man88","68","83.41","28.12","2017-08-19","2017-10-18","5643.76"
"699","GC77","man84","17","54.68","21.81","2017-08-04","2017-09-22","907.75"
"700","VM41","man63","54","24.68","29.69","2017-08-25","2017-10-01","1303.03"
"701","MT30","man31","14","87.2","26.62","2017-08-18","2017-09-27","1194.18"
"702","MC06","man70","29","58.28","17.6","2017-09-02","2017-09-26","1672.5200000000002"
"703","GI68","man32","12","87.23","13.68","2017-08-08","2017-10-13","1033.08"
"704","RS41","man41","11","71.45","19.17","2017-08-27","2017-10-18","766.7800000000001"
"705","GY48","man28","88","20.47","26.9","2017-07-25","2017-10-17","1774.4599999999998"
"706","CM23","man29","66","25.88","16.14","2017-08-22","2017-09-24","1691.9399999999998"
"707","NP84","man27","45","83.21","17.26","2017-08-16","2017-10-16","3727.1899999999996"
"708","PV62","man25","87","93.78","23.95","2017-09-20","2017-10-07","8134.91"
"709","XS55","man21","7","49.44","16.98","2017-08-31","2017-10-16","329.09999999999997"
"710","II37","man02","23","45.58","24.81","2017-09-03","2017-10-03","1023.53"
"711","KO06","man37","30","21.08","12.04","2017-07-27","2017-10-03","620.36"
"712","EE47","man07","30","73.38","27.88","2017-08-21","2017-09-24","2173.5199999999995"
"713","PP93","man30","17","95.18","16.77","2017-08-24","2017-10-13","1601.2900000000002"
"714","XA84","man68","41","30.57","20.41","2017-08-22","2017-09-28","1232.96"
"715","YT38","man61","23","60.03","24.04","2017-07-28","2017-09-21","1356.65"
"716","EO08","man63","56","57.04","12.19","2017-08-07","2017-10-17","3182.0499999999997"
"717","IT54","man09","83","99.64","23.68","2017-08-29","2017-10-09","8246.44"
"718","CG67","man10","25","64.73","23.9","2017-09-18","2017-10-02","1594.35"
"719","HC42","man41","34","46.42","19.38","2017-08-17","2017-10-13","1558.8999999999999"
"720","TE32","man61","33","58.59","14.91","2017-07-22","2017-09-28","1918.56"
"721","AU58","man07","49","77.02","26.42","2017-07-25","2017-10-11","3747.56"
"722","RK91","man37","55","89.12","17.56","2017-08-05","2017-09-24","4884.04"
"723","EI27","man78","89","82.11","29.81","2017-08-08","2017-10-05","7277.98"
"724","QJ10","man38","47","23.51","19.21","2017-08-29","2017-10-10","1085.76"
"725","ZU55","man63","8","74.38","12.31","2017-09-06","2017-09-25","582.73"
"726","YF21","man46","48","43.5","27.14","2017-07-26","2017-09-26","2060.86"
"727","TQ35","man02","80","25.46","17.75","2017-08-28","2017-10-07","2019.0500000000002"
"728","FV00","man53","1","71.99","28.08","2017-09-03","2017-10-14","43.91"
"729","CU33","man30","84","22.51","15.91","2017-08-25","2017-10-08","1874.93"
"730","QY64","man20","75","84.5","25.27","2017-08-14","2017-10-04","6312.23"
"731","PA60","man06","19","94.58","24.14","2017-08-01","2017-10-09","1772.8799999999999"
"732","RU82","man22","14","68.73","17.65","2017-09-02","2017-10-10","944.57"
"733","FA17","man55","10","63.77","14.05","2017-07-24","2017-10-13","623.6500000000001"
"734","ZQ59","man50","18","27.09","14.31","2017-08-27","2017-10-03","473.31"
"735","ZB40","man57","81","96.09","25.95","2017-09-20","2017-10-11","7757.34"
"736","YG04","man18","50","32.82","18.39","2017-08-26","2017-10-10","1622.61"
"737","LY95","man87","24","79.8","26.86","2017-08-03","2017-10-15","1888.34"
"738","JL53","man79","40","65.37","26.63","2017-08-26","2017-09-26","2588.17"
"739","WK18","man35","95","65.87","29.81","2017-09-03","2017-10-06","6227.84"
"740","CN24","man04","49","45.8","27.27","2017-08-12","2017-10-15","2216.93"
"741","IQ25","man62","3","54.06","20.5","2017-08-15","2017-10-14","141.68"
"742","MJ83","man22","77","89.49","24.28","2017-08-23","2017-10-20","6866.45"
"743","CY55","man51","32","23.25","21.73","2017-08-27","2017-10-04","722.27"
"744","XW35","man28","8","75.78","11.41","2017-08-26","2017-10-19","594.83"
"745","SP81","man39","47","62.31","18.35","2017-09-01","2017-10-18","2910.2200000000003"
"746","SY90","man47","38","70.41","17.08","2017-09-17","2017-09-30","2658.5"
"747","SW10","man27","36","24.7","23.32","2017-08-28","2017-09-30","865.8799999999999"
"748","QD50","man46","45","36.68","22.84","2017-08-19","2017-10-05","1627.76"
"749","FB44","man10","6","29.11","13.8","2017-09-09","2017-09-24","160.85999999999999"
"750","EG58","man09","68","50.12","16.67","2017-09-11","2017-10-20","3391.49"
"751","VN91","man35","61","99.52","26.16","2017-09-01","2017-10-03","6044.5599999999995"
"752","FF23","man40","25","72.65","14.2","2017-07-28","2017-10-14","1802.0500000000002"
"753","RM25","man73","77","42.54","10.9","2017-08-18","2017-09-22","3264.68"
"754","WN30","man72","78","29.98","20.16","2017-08-14","2017-10-07","2318.28"
"755","NE50","man99","17","96.77","11.19","2017-09-14","2017-10-05","1633.8999999999999"
"756","UP45","man76","54","76.84","23.2","2017-07-25","2017-10-06","4126.160000000001"
"757","KO10","man11","49","30.09","12.1","2017-08-01","2017-10-04","1462.3100000000002"
"758","DK84","man08","14","58.66","19.35","2017-07-30","2017-09-26","801.89"
"759","JC46","man76","79","29.24","19.0","2017-09-19","2017-10-20","2290.96"
"760","JV36","man75","16","87.65","19.37","2017-09-12","2017-10-12","1383.0300000000002"
"761","YH25","man05","67","78.36","25.76","2017-09-17","2017-10-19","5224.36"
"762","RF18","man04","96","33.23","27.32","2017-08-06","2017-10-08","3162.7599999999998"
"763","RU83","man75","98","20.37","15.92","2017-08-10","2017-10-09","1980.34"
"764","AZ82","man17","36","24.56","27.29","2017-08-03","2017-09-23","856.87"
"765","IX03","man91","58","84.14","13.18","2017-07-25","2017-10-14","4866.94"
"766","GL58","man97","1","94.19","20.8","2017-08-02","2017-10-19","73.39"
"767","ON44","man41","4","74.0","22.09","2017-08-21","2017-10-06","273.91"
"768","CR13","man55","39","46.26","17.58","2017-09-15","2017-10-09","1786.56"
"769","BS54","man86","55","65.56","23.93","2017-08-24","2017-10-02","3581.8700000000003"
"770","PY74","man20","77","30.35","28.92","2017-08-20","2017-10-03","2308.03"
"771","KC98","man75","81","89.71","18.41","2017-08-19","2017-10-02","7248.099999999999"
"772","PR37","man47","6","58.85","18.66","2017-09-14","2017-10-18","334.44"
"773","WU51","man24","83","57.53","13.98","2017-08-30","2017-10-07","4761.01"
"774","FO06","man99","64","31.16","24.58","2017-07-25","2017-09-27","1969.66"
"775","PR79","man11","71","97.02","20.83","2017-08-02","2017-10-09","6867.59"
"776","NU34","man14","30","98.5","27.42","2017-08-08","2017-10-02","2927.58"
"777","IZ49","man00","43","86.86","16.07","2017-09-10","2017-09-27","3718.91"
"778","PC18","man10","6","53.32","11.48","2017-07-29","2017-10-07","308.44"
"779","PM04","man22","90","83.02","26.3","2017-09-12","2017-09-24","7445.499999999999"
"780","SU41","man94","78","21.35","27.64","2017-09-20","2017-10-07","1637.66"
"781","GP57","man03","12","58.85","29.61","2017-07-23","2017-09-22","676.59"
"782","UJ30","man39","99","66.77","17.04","2017-08-02","2017-09-24","6593.19"
"783","NX08","man94","13","92.05","14.57","2017-08-27","2017-10-12","1182.08"
"784","DL38","man83","72","92.19","16.4","2017-08-01","2017-09-20","6621.280000000001"
"785","XP23","man47","83","50.76","12.05","2017-08-30","2017-09-30","4201.03"
"786","ZR22","man70","16","86.28","13.52","2017-08-02","2017-10-02","1366.96"
"787","ZS55","man90","56","36.95","21.04","2017-08-30","2017-09-20","2048.1600000000003"
"788","IB69","man40","79","33.86","21.67","2017-08-16","2017-10-10","2653.27"
"789","AI55","man24","60","90.96","25.72","2017-09-09","2017-10-18","5431.879999999999"
"790","WN59","man56","29","92.18","19.57","2017-08-21","2017-10-11","2653.65"
"791","RD62","man08","24","47.43","18.63","2017-08-31","2017-10-11","1119.6899999999998"
"792","SD96","man77","19","61.17","23.55","2017-08-17","2017-09-28","1138.68"
"793","QA55","man58","31","98.72","13.92","2017-08-26","2017-10-02","3046.4"
"794","UK68","man82","69","52.11","21.48","2017-09-13","2017-10-09","3574.11"
"795","DN46","man67","21","27.08","13.35","2017-07-23","2017-09-22","555.3299999999999"
"796","ID32","man26","65","40.18","25.29","2017-09-05","2017-09-22","2586.41"
"797","NJ62","man47","30","46.73","15.58","2017-09-07","2017-10-03","1386.32"
"798","WS37","man60","92","90.47","27.03","2017-08-16","2017-09-22","8296.21"
"799","ED23","man33","49","40.55","10.47","2017-08-22","2017-09-30","1976.4799999999998"
"800","AD77","man26","92","39.22","17.95","2017-08-02","2017-10-15","3590.29"
"801","US47","man59","3","43.71","10.91","2017-09-15","2017-09-27","120.22"
"802","VX56","man70","42","31.2","19.63","2017-08-01","2017-10-07","1290.7699999999998"
"803","UX18","man96","24","86.48","18.28","2017-09-07","2017-09-22","2057.24"
"804","PZ05","man17","28","92.87","12.44","2017-07-31","2017-10-04","2587.92"
"805","YG14","man66","100","36.82","22.75","2017-08-16","2017-09-22","3659.25"
"806","QZ97","man59","53","26.65","16.61","2017-07-31","2017-09-22","1395.84"
"807","RU31","man54","24","26.88","19.67","2017-09-07","2017-09-25","625.45"
"808","MN90","man61","15","95.28","18.66","2017-08-31","2017-10-02","1410.54"
"809","EK58","man15","14","70.54","29.71","2017-08-27","2017-09-24","957.85"
"810","SV41","man52","80","76.8","13.02","2017-08-25","2017-09-23","6130.98"
"811","JF46","man85","75","80.33","13.57","2017-09-03","2017-09-30","6011.18"
"812","DE73","man12","88","28.57","25.22","2017-08-22","2017-10-12","2488.94"
"813","OI64","man97","16","98.07","17.19","2017-08-13","2017-10-05","1551.9299999999998"
"814","IR40","man52","88","57.59","21.4","2017-07-29","2017-10-02","5046.52"
"815","IR01","man07","5","58.63","10.09","2017-09-18","2017-09-22","283.06000000000006"
"816","KG18","man43","34","40.35","18.13","2017-07-30","2017-10-01","1353.77"
"817","ZY48","man66","76","78.79","28.8","2017-08-17","2017-09-26","5959.240000000001"
"818","MG30","man04","21","91.7","11.92","2017-08-26","2017-10-20","1913.78"
"819","KH48","man98","58","44.88","26.77","2017-09-06","2017-09-26","2576.27"
"820","ML46","man02","17","50.44","22.39","2017-08-24","2017-09-27","835.09"
"821","GZ58","man41","8","98.18","21.46","2017-07-29","2017-10-17","763.98"
"822","OT05","man40","48","30.58","26.93","2017-09-12","2017-09-25","1440.9099999999999"
"823","FG50","man03","80","53.83","27.8","2017-09-19","2017-09-30","4278.599999999999"
"824","GK06","man97","93","79.28","13.12","2017-09-04","2017-10-19","7359.92"
"825","NF74","man59","94","44.99","17.48","2017-08-06","2017-09-27","4211.580000000001"
"826","RP44","man58","29","33.94","11.24","2017-09-07","2017-10-04","973.02"
"827","ZI43","man07","23","48.29","15.32","2017-08-29","2017-10-01","1095.3500000000001"
"828","LS75","man90","1","41.23","11.74","2017-08-14","2017-09-23","29.489999999999995"
"829","MR65","man13","36","20.61","24.44","2017-08-06","2017-10-08","717.52"
"830","ZN29","man14","88","98.48","29.61","2017-09-20","2017-09-27","8636.63"
"831","TY83","man30","56","70.56","22.42","2017-09-10","2017-10-10","3928.94"
"832","LR96","man08","33","95.54","23.5","2017-09-17","2017-10-14","3129.32"
"833","EE87","man74","20","89.3","25.97","2017-09-03","2017-10-15","1760.03"
"834","SZ35","man26","51","52.91","14.08","2017-09-03","2017-10-04","2684.33"
"835","IX95","man46","2","40.83","24.41","2017-08-13","2017-09-30","57.25"
"836","JF90","man44","96","51.35","10.81","2017-08-30","2017-10-08","4918.79"
"837","ZO49","man15","42","61.46","12.86","2017-09-19","2017-10-08","2568.46"
"838","LZ22","man80","98","43.5","23.1","2017-08-25","2017-09-28","4239.9"
"839","LP45","man80","17","34.28","14.65","2017-08-23","2017-09-20","568.11"
"840","DM02","man83","75","84.66","12.56","2017-07-22","2017-10-11","6336.94"
"841","ZW33","man96","67","59.69","12.59","2017-08-24","2017-10-05","3986.64"
"842","MO42","man11","22","32.96","13.98","2017-08-05","2017-09-30","711.14"
"843","TO63","man95","49","36.22","22.65","2017-08-07","2017-10-06","1752.1299999999999"
"844","VG18","man45","97","25.76","16.56","2017-07-22","2017-09-29","2482.1600000000003"
"845","TJ92","man42","21","50.41","12.89","2017-09-17","2017-09-26","1045.7199999999998"
"846","FQ05","man22","76","95.88","11.16","2017-09-04","2017-10-06","7275.719999999999"
"847","DL70","man47","54","74.08","28.56","2017-09-17","2017-09-21","3971.7599999999998"
"848","QK19","man38","98","96.47","24.21","2017-08-09","2017-10-12","9429.85"
"849","TH50","man69","46","47.07","14.76","2017-09-05","2017-10-03","2150.4599999999996"
"850","BR40","man96","91","22.29","29.59","2017-08-22","2017-10-05","1998.8"
"851","YS20","man58","14","75.75","29.02","2017-08-23","2017-10-20","1031.48"
"852","VT75","man89","9","97.34","14.66","2017-07-27","2017-10-18","861.4000000000001"
"853","RU51","man30","50","80.07","22.6","2017-09-04","2017-10-19","3980.8999999999996"
"854","JE25","man87","71","85.89","22.36","2017-07-30","2017-09-27","6075.83"
"855","FE00","man10","31","62.05","13.94","2017-08-11","2017-10-18","1909.61"
"856","MT80","man84","72","56.99","11.45","2017-08-31","2017-09-30","4091.83"
"857","GV97","man71","91","46.88","13.65","2017-08-29","2017-10-02","4252.43"
"858","VM08","man03","100","36.82","19.71","2017-08-24","2017-10-04","3662.29"
"859","TI62","man74","95","95.28","20.18","2017-09-06","2017-10-19","9031.42"
"860","PD07","man64","42","86.36","15.33","2017-09-19","2017-10-14","3611.79"
"861","JJ48","man71","47","81.57","14.13","2017-09-11","2017-09-21","3819.6599999999994"
"862","EY65","man33","23","49.17","11.51","2017-07-28","2017-09-22","1119.4"
"863","LK05","man54","43","63.36","22.17","2017-07-30","2017-09-26","2702.31"
"864","YN37","man00","8","44.55","18.65","2017-07-31","2017-10-11","337.75"
"865","TN93","man73","18","57.71","20.03","2017-08-17","2017-09-26","1018.75"
"866","QS74","man02","78","73.3","29.72","2017-08-03","2017-09-21","5687.679999999999"
"867","XW92","man20","17","60.77","17.75","2017-08-15","2017-10-19","1015.3400000000001"
"868","BU18","man61","56","21.86","23.98","2017-08-31","2017-09-29","1200.1799999999998"
"869","ZM59","man41","60","93.42","29.7","2017-07-27","2017-10-07","5575.5"
"870","GI96","man42","81","47.27","29.77","2017-07-29","2017-09-29","3799.1000000000004"
"871","IE68","man38","41","64.34","26.37","2017-08-18","2017-10-14","2611.57"
"872","IY88","man77","59","47.63","17.35","2017-07-24","2017-10-10","2792.82"
"873","BV55","man88","14","70.97","10.47","2017-08-02","2017-10-03","983.1099999999999"
"874","LV35","man87","61","71.53","28.41","2017-08-26","2017-09-25","4334.92"
"875","ZD67","man99","32","47.26","19.89","2017-08-30","2017-10-15","1492.4299999999998"
"876","GR38","man15","90","92.46","24.65","2017-08-06","2017-10-01","8296.75"
"877","OT12","man00","86","58.64","15.13","2017-08-13","2017-10-19","5027.91"
"878","LA04","man81","84","94.03","17.27","2017-08-31","2017-09-28","7881.25"
"879","YA18","man78","85","77.05","29.84","2017-08-30","2017-09-23","6519.41"
"880","GT37","man45","67","23.63","19.93","2017-08-11","2017-09-28","1563.28"
"881","SC79","man38","71","94.84","12.97","2017-09-03","2017-10-18","6720.67"
"882","OE04","man02","96","37.11","11.27","2017-08-23","2017-10-11","3551.29"
"883","WB03","man28","35","60.02","13.3","2017-08-31","2017-10-20","2087.4"
"884","YY17","man42","66","47.64","11.07","2017-08-02","2017-09-25","3133.17"
"885","CZ31","man22","63","34.0","26.31","2017-08-11","2017-09-26","2115.69"
"886","SP64","man74","29","30.51","13.99","2017-09-06","2017-10-18","870.8000000000001"
"887","JC88","man81","16","87.72","27.53","2017-08-26","2017-10-17","1375.99"
"888","FP80","man39","30","82.12","24.73","2017-08-28","2017-09-24","2438.8700000000003"
"889","UF53","man37","64","41.3","25.88","2017-08-17","2017-09-29","2617.3199999999997"
"890","HX69","man78","45","69.27","13.53","2017-09-01","2017-09-25","3103.6199999999994"
"891","WG81","man66","73","55.99","10.08","2017-08-13","2017-09-24","4077.19"
"892","DV09","man79","5","72.99","26.3","2017-07-23","2017-09-27","338.65"
"893","UM98","man68","84","38.77","12.24","2017-08-31","2017-10-01","3244.4400000000005"
"894","FE02","man68","44","70.91","12.04","2017-07-27","2017-10-15","3108.0"
"895","LF18","man55","20","58.71","11.96","2017-08-13","2017-10-08","1162.24"
"896","UD47","man11","87","32.91","21.19","2017-09-17","2017-09-21","2841.9799999999996"
"897","KY79","man49","12","62.84","20.21","2017-09-17","2017-10-11","733.87"
"898","EM36","man47","8","86.65","20.19","2017-09-10","2017-09-27","673.01"
"899","DL18","man24","46","94.95","11.51","2017-09-05","2017-10-11","4356.19"
"900","SF88","man36","65","58.77","24.09","2017-08-05","2017-10-14","3795.96"
"901","XK93","man59","52","47.47","27.71","2017-08-14","2017-09-26","2440.73"
"902","UU07","man76","26","50.62","12.16","2017-07-30","2017-10-14","1303.9599999999998"
"903","WR49","man79","62","53.72","20.75","2017-09-16","2017-09-26","3309.89"
"904","VO79","man71","62","65.67","20.92","2017-09-15","2017-10-07","4050.62"
"905","HX48","man92","53","89.83","22.85","2017-08-25","2017-10-13","4738.139999999999"
"906","NF73","man03","89","73.03","28.92","2017-08-14","2017-10-15","6470.75"
"907","FS24","man63","41","80.63","26.08","2017-08-31","2017-10-07","3279.75"
"908","CF42","man79","71","55.73","16.42","2017-08-31","2017-10-01","3940.41"
"909","RG01","man25","40","24.38","28.41","2017-08-20","2017-10-14","946.79"
"910","SD12","man32","2","80.05","23.98","2017-09-10","2017-10-18","136.12"
"911","KD34","man87","11","22.64","26.49","2017-09-09","2017-10-18","222.55"
"912","XC77","man24","17","37.77","13.46","2017-09-13","2017-09-29","628.63"
"913","LO73","man90","18","28.35","12.42","2017-08-24","2017-10-12","497.88"
"914","OM58","man42","93","75.83","28.23","2017-08-26","2017-10-19","7023.96"
"915","DI48","man87","52","86.55","21.93","2017-08-12","2017-10-05","4478.669999999999"
"916","QP20","man87","44","58.52","18.39","2017-08-18","2017-09-21","2556.4900000000002"
"917","OA73","man90","80","45.56","14.31","2017-07-23","2017-09-25","3630.4900000000002"
"918","GA68","man95","33","28.32","18.32","2017-08-03","2017-09-23","916.24"
"919","WV80","man57","31","78.11","14.85","2017-08-03","2017-10-13","2406.56"
"920","RF81","man22","28","73.59","14.3","2017-09-12","2017-10-10","2046.22"
"921","NW01","man55","35","68.59","29.28","2017-07-30","2017-10-13","2371.37"
"922","IU80","man83","63","25.8","13.33","2017-08-19","2017-10-14","1612.0700000000002"
"923","XJ94","man47","23","82.95","22.73","2017-08-30","2017-09-26","1885.1200000000001"
"924","BP80","man17","10","77.06","16.35","2017-08-12","2017-10-16","754.25"
"925","BU69","man82","20","77.58","12.65","2017-07-25","2017-10-07","1538.9499999999998"
"926","DO95","man49","77","38.1","19.23","2017-09-10","2017-09-25","2914.4700000000003"
"927","PK49","man01","95","100.0","21.07","2017-09-18","2017-09-27","9478.93"
"928","ET28","man26","27","48.88","19.43","2017-09-03","2017-09-30","1300.33"
"929","XA53","man21","2","37.07","27.66","2017-07-28","2017-10-17","46.480000000000004"
"930","PF76","man42","61","32.49","27.74","2017-07-24","2017-10-16","1954.15"
"931","GH84","man82","7","81.15","17.34","2017-09-12","2017-10-08","550.71"
"932","PT09","man58","72","72.14","14.67","2017-09-10","2017-10-18","5179.41"
"933","NQ69","man99","9","32.84","11.72","2017-08-07","2017-10-10","283.84000000000003"
"934","TP79","man07","18","37.65","23.23","2017-09-11","2017-10-15","654.4699999999999"
"935","MI22","man29","22","36.15","28.74","2017-08-19","2017-09-21","766.56"
"936","GC91","man65","65","83.42","15.38","2017-07-25","2017-10-09","5406.92"
"937","OF30","man14","30","69.74","29.82","2017-09-09","2017-10-13","2062.3799999999997"
"938","MM43","man82","13","33.66","17.92","2017-08-30","2017-09-29","419.6599999999999"
"939","PB66","man88","71","51.11","25.76","2017-08-07","2017-10-06","3603.0499999999997"
"940","CC05","man44","97","80.28","25.59","2017-08-05","2017-10-06","7761.57"
"941","IT74","man93","14","76.63","25.97","2017-08-21","2017-10-02","1046.85"
"942","HX75","man20","35","60.95","15.85","2017-09-17","2017-10-17","2117.4"
"943","WF63","man54","89","24.86","15.15","2017-08-20","2017-09-28","2197.39"
"944","MV25","man22","65","50.21","28.91","2017-08-22","2017-10-09","3234.7400000000002"
"945","HG98","man09","91","80.19","14.16","2017-09-04","2017-10-08","7283.13"
"946","QW09","man26","32","43.38","15.64","2017-08-30","2017-10-06","1372.52"
"947","BY36","man46","95","48.67","20.97","2017-09-13","2017-10-16","4602.68"
"948","TX34","man71","24","91.22","15.99","2017-09-17","2017-10-04","2173.29"
"949","BZ84","man96","7","49.06","18.53","2017-08-21","2017-10-20","324.89"
"950","VE18","man89","8","72.81","26.88","2017-08-30","2017-10-15","555.6"
"951","PU63","man08","100","55.97","21.18","2017-08-30","2017-10-15","5575.82"
"952","LU92","man06","5","50.23","16.53","2017-08-03","2017-09-22","234.61999999999998"
"953","FS55","man60","94","64.07","15.54","2017-09-20","2017-10-18","6007.039999999999"
"954","TX31","man90","89","37.32","14.39","2017-09-17","2017-10-20","3307.09"
"955","XV98","man77","43","32.13","14.65","2017-08-11","2017-09-22","1366.94"
"956","BL26","man48","100","91.1","28.1","2017-08-10","2017-10-20","9081.9"
"957","JO99","man48","8","64.09","13.69","2017-07-25","2017-10-03","499.03000000000003"
"958","YT48","man18","67","58.79","27.39","2017-08-26","2017-09-23","3911.54"
"959","HX48","man35","85","49.77","28.59","2017-08-04","2017-09-21","4201.86"
"960","NL04","man25","22","34.28","18.49","2017-09-01","2017-10-14","735.6700000000001"
"961","GH11","man54","16","80.61","17.74","2017-08-20","2017-10-18","1272.02"
"962","OC51","man32","96","59.79","27.25","2017-08-09","2017-10-09","5712.59"
"963","WE54","man47","57","69.41","14.45","2017-08-28","2017-10-08","3941.92"
"964","GN05","man67","19","37.33","21.16","2017-09-15","2017-10-08","688.11"
"965","WG52","man04","86","50.32","12.83","2017-08-17","2017-10-09","4314.6900000000005"
"966","EL86","man09","93","61.91","21.47","2017-08-29","2017-10-06","5736.16"
"967","WM38","man88","73","85.98","27.54","2017-09-02","2017-10-12","6249.0"
"968","ZM01","man87","71","83.64","19.54","2017-09-06","2017-10-08","5918.9"
"969","LJ40","man73","17","47.84","10.17","2017-08-28","2017-10-19","803.1100000000001"
"970","GH41","man83","34","98.31","28.19","2017-08-06","2017-10-17","3314.35"
"971","ES49","man60","96","94.93","27.35","2017-07-29","2017-10-06","9085.93"
"972","NU37","man67","6","31.87","24.35","2017-07-22","2017-09-20","166.87"
"973","QH71","man82","94","46.55","28.92","2017-09-19","2017-10-15","4346.78"
"974","MV92","man41","64","58.6","17.28","2017-09-07","2017-10-08","3733.12"
"975","AW70","man65","10","80.37","20.86","2017-09-19","2017-10-12","782.84"
"976","VU37","man38","61","47.89","10.98","2017-09-13","2017-09-20","2910.31"
"977","NM48","man55","73","98.06","19.59","2017-08-09","2017-10-16","7138.79"
"978","QU65","man34","77","85.85","25.33","2017-08-06","2017-10-19","6585.12"
"979","BI67","man69","89","65.07","16.18","2017-09-14","2017-09-27","5775.049999999999"
"980","GY14","man89","78","43.56","18.24","2017-08-16","2017-10-02","3379.4400000000005"
"981","XC44","man42","56","62.01","11.57","2017-07-22","2017-10-06","3460.99"
"982","SX28","man04","17","58.65","14.94","2017-09-04","2017-10-02","982.1099999999999"
"983","RT07","man36","75","20.01","22.22","2017-08-01","2017-10-11","1478.5300000000002"
"984","FW89","man21","50","64.4","20.89","2017-08-14","2017-09-28","3199.1100000000006"
"985","JA74","man98","48","95.98","12.17","2017-08-17","2017-10-01","4594.87"
"986","GI46","man53","23","70.32","14.62","2017-07-27","2017-09-23","1602.74"
"987","QV04","man56","46","61.23","27.16","2017-07-31","2017-10-06","2789.42"
"988","KC27","man72","62","58.55","18.29","2017-09-19","2017-10-10","3611.81"
"989","IT96","man78","32","82.75","15.01","2017-08-31","2017-09-21","2632.99"
"990","KU20","man43","62","21.55","14.83","2017-08-25","2017-10-05","1321.2700000000002"
"991","IJ50","man61","13","29.32","21.51","2017-09-02","2017-10-05","359.65000000000003"
"992","PF60","man09","53","55.29","10.56","2017-07-22","2017-10-05","2919.81"
"993","AH99","man11","95","29.6","22.84","2017-09-16","2017-09-27","2789.16"
"994","UG63","man88","72","71.87","27.34","2017-09-02","2017-10-16","5147.3"
"995","AH38","man11","20","26.9","24.24","2017-08-27","2017-10-03","513.76"
"996","HQ06","man66","43","53.21","26.39","2017-08-10","2017-10-03","2261.6400000000003"
"997","GN44","man63","15","41.26","10.23","2017-07-27","2017-09-30","608.67"
"998","VN03","man55","32","74.13","20.66","2017-07-24","2017-10-20","2351.5"
"999","RV61","man28","71","21.79","23.85","2017-09-09","2017-10-11","1523.24"
"1000","HR39","man32","51","88.5","21.43","2017-08-23","2017-10-05","4492.07"
